PRAGMA foreign_keys=OFF;
BEGIN TRANSACTION;
CREATE TABLE vue (
	ID INTEGER PRIMARY KEY AUTOINCREMENT
, photo TEXT, alt TEXT

);
INSERT INTO vue VALUES(1868,'https://www.pays-lac-aiguebelette.com/content/themes/altimax/images/cache/apidae/30917_apidae-objet-grid.jpg','Belvédère des Chenevières');
INSERT INTO vue VALUES(1869,'https://www.pays-lac-aiguebelette.com/content/themes/altimax/images/cache/apidae/2180463_apidae-objet-grid.jpg','Point de vue de Saint Albin de Vaulserre');
INSERT INTO vue VALUES(1870,'https://www.pays-lac-aiguebelette.com/content/themes/altimax/images/cache/apidae/5028324_apidae-objet-grid.jpg','Itinéraires Raquettes sur le Mont de l''Epine');
INSERT INTO vue VALUES(1871,'https://www.pays-lac-aiguebelette.com/content/themes/altimax/images/cache/apidae/4020133_apidae-objet-grid.jpg','Table d''orientation de la Vierge de Vacheresse');
INSERT INTO vue VALUES(1872,'https://www.pays-lac-aiguebelette.com/content/themes/altimax/images/cache/apidae/4932981_apidae-objet-grid.jpg','Table d''orientation du Relais du Chat');
INSERT INTO vue VALUES(1873,'https://www.pays-lac-aiguebelette.com/content/themes/altimax/images/cache/apidae/1598864_apidae-objet-grid.jpg','Belvédère de la Source');
INSERT INTO vue VALUES(1874,'https://www.pays-lac-aiguebelette.com/content/themes/altimax/images/cache/apidae/4941234_apidae-objet-grid.jpg','Belvédère de la Chapelle St Romain à Jongieux');
INSERT INTO vue VALUES(1875,'https://www.pays-lac-aiguebelette.com/content/themes/altimax/images/cache/apidae/3450640_apidae-objet-grid.jpg','Belvèdère de St-Alban-de-Montbel sur le Lac d''Aiguebelette');
INSERT INTO vue VALUES(1876,'https://www.pays-lac-aiguebelette.com/content/themes/altimax/images/cache/apidae/3450762_apidae-objet-grid.jpg','Belvédère du Site des Fils');
INSERT INTO vue VALUES(1877,'/var/smb/storage/images/media/images/decouvrir/en-douceur/panorama-sur-le-lac-du-bourget-landing/13105-6-fre-FR/Panorama-sur-le-lac-du-Bourget-landing_format_115x80.jpg','Panorama sur le lac du Bourget © Savoie Mont Blanc / Lebeau');
INSERT INTO vue VALUES(1878,'/var/smb/storage/images/media/images/visites-et-decouvertes/nature/lac-d-aiguebelette-vue-depuis-le-decollage-parapente/434933-1-fre-FR/Lac-d-Aiguebelette-vue-depuis-le-decollage-parapente_format_115x80.jpg','Vue depuis le départ de parapente   - Lac d''Aiguebelette © © Savoie Mont Blanc / Dufresne');
INSERT INTO vue VALUES(1879,'/var/smb/storage/images/media/images/visites-et-decouvertes/nature/aiguille-du-midi-and-the-mont-blanc/903713-1-fre-FR/Aiguille-du-midi-and-the-Mont-Blanc_format_115x80.jpg','Aiguille du midi and the Mont-Blanc © SavoieMontBlanc-Vuano');
INSERT INTO vue VALUES(1880,'/var/smb/storage/images/media/images/visites-et-decouvertes/a-visiter/telepherique-du-saleve/223174-1-fre-FR/Telepherique-du-Saleve_format_115x80.jpg','Téléphérique du Salève  © JMF - 7byaero.com');
INSERT INTO vue VALUES(1881,'/var/smb/storage/images/media/images/visites-et-decouvertes/nature/vue-sur-la-mer-de-glace-depuis-la-gare-du-montenvers-chamonix/225683-1-fre-FR/Vue-sur-la-mer-de-Glace-depuis-la-gare-du-Montenvers-Chamonix_format_115x80.jpg','Vue sur la mer de Glace depuis la gare du Montenvers - Chamonix © Savoie Mont Blanc / Voglino');
INSERT INTO vue VALUES(1882,'/var/smb/storage/images/media/images/visites-et-decouvertes/nature/panorama-sur-le-lac-de-roselend/153538-1-fre-FR/Panorama-sur-le-lac-de-Roselend_format_115x80.jpg','Panorama sur le lac de Roselend © Savoie Mont Blanc / Mari');
INSERT INTO vue VALUES(1883,'/var/smb/storage/images/media/images/visites-et-decouvertes/nature/le-lac-des-cheserys-chamonix/16212-4-fre-FR/Le-lac-des-cheserys-Chamonix_format_115x80.jpg','Le lac des cheserys - Chamonix   © Savoie Mont Blanc / Hagenmuller');
INSERT INTO vue VALUES(1884,'/var/smb/storage/images/media/images/decouvrir/adrenaline/parapente-au-col-de-la-forclaz-lac-d-annecy/153494-12-fre-FR/Parapente-au-col-de-la-Forclaz-Lac-d-Annecy_format_115x80.jpg','Parapente au col de la Forclaz - Lac d''Annecy © SavoieMontBlanc-Monica Dalmasso');
INSERT INTO vue VALUES(1885,'/var/smb/storage/images/media/images/visites-et-decouvertes/nature/les-aiguilles-d-arves-depuis-le-lac-guichard/60681-1-fre-FR/Les-Aiguilles-d-Arves-depuis-le-lac-Guichard_format_115x80.jpg','Les Aiguilles d''Arves depuis le lac Guichard © © Savoie Mont Blanc / Anglade');
CREATE TABLE plus (
	Id INTEGER PRIMARY KEY AUTOINCREMENT
, titre TEXT, commune TEXT, description TEXT, ID_vue,
FOREIGN KEY(ID_vue) REFERENCES vue(ID)
);
INSERT INTO plus VALUES(1627,'Belvédère des Chenevières',NULL,'C''est depuis le village de Ste Marie d''Alvey que l''on peut bénéficier d''un superbe point de vue sur la plaine du Guiers, le Pays du Lac d''Aiguebelette, l''Isère. Une table d''orientation permet de comprendre ce paysage à 180°.','1868');
INSERT INTO plus VALUES(1628,'Point de vue de Saint Albin de Vaulserre',NULL,'Bénéficiez, depuis le village de St Albin de Vaulserre, d''un superbe point de vue sur la vallée du Guiers et les massifs pré Alpins. Une table d''orientation permet de comprendre ce paysage à 120°.','1869');
INSERT INTO plus VALUES(1629,'Itinéraires Raquettes sur le Mont de l''Epine',NULL,'Profitez des joies de la raquette à proximité de Yenne ! 3 itinéraires ont été balisés au départ du stade de neige de Verthemex. Situés entre 1000 et 1500m d''altitude dans une ambiance forestière, ils vous guideront vers des points de vue remarquables.','1870');
INSERT INTO plus VALUES(1630,'Table d''orientation de la Vierge de Vacheresse',NULL,replace('Site incontournable pour les amateurs d''excursions de pleine nature: vue panoramique sur le canton de Yenne et de Novalaise.\nLieu idéal pour apprécier un coucher de soleil.','\n',char(10)),'1871');
INSERT INTO plus VALUES(1631,'Table d''orientation du Relais du Chat',NULL,'Laissez-vous séduire par le point de vue le plus haut du canton de Yenne dévoilant le lac du Bourget et de nombreux massifs alpins dont le Mont Blanc.','1872');
INSERT INTO plus VALUES(1632,'Belvédère de la Source',NULL,'Situé tout près de l''Hôtel de la Source sur la route du col du Chat, le belvédère vous offre une vue panoramique sur les lacs de St Jean de Chevelu, la montagne de la Charvaz, le Mont Tournier et les montagnes de l''Ain dont le Colombier.','1873');
INSERT INTO plus VALUES(1633,'Belvédère de la Chapelle St Romain à Jongieux',NULL,'Laissez-vous surprendre par le paysage qui se dévoile sous vos yeux: tout près le vignoble mais également les méandres du Rhône, la plaine de Yenne et au loin les montagnes de l''Ain et du Pays du Lac d''Aiguebelette.','1874');
INSERT INTO plus VALUES(1634,'Belvèdère de St-Alban-de-Montbel sur le Lac d''Aiguebelette',NULL,'Du chef-lieu du petit village de St-Alban-de-Montbel dont l''église surplombe majestueusement le lac, le panorama s''ouvre à vous sur le Sud du Lac d''Aiguebelette, ses îles, roselières, petites maisons avec hangars à bateaux et la Montagne de l''Epine.','1875');
INSERT INTO plus VALUES(1635,'Belvédère du Site des Fils',NULL,'Le site des Fils offre un panorama à couper le souffle ! C''est depuis une falaise de 500m de haut que le visiteur découvre les méandres du Rhône, sauvage et canalisé. La table de lecture livre les noms des charmants villages qui bordent le Fleuve-Roi.','1876');
INSERT INTO plus VALUES(1636,'Belvédère de la Chambotte : paradis avec vue',NULL,replace('\n                  \nBelvédère de la Chambotte : paradis avec vueC''est l''un des plus beaux points de vue sur le lac du Bourget et Aix-les-Bains. A droite, la Chautagne, le Grand Colombier et le canal de Savières, paradis bien connu des amateurs de plaisance. Au centre, la majestueuse abbaye d''Hautecombe. Sur la gauche, les massifs de la Chartreuse et Belledonne donnant parfois au lac des allures de fjord.Le belvédère de la Chambotte fut construit en 1882. Parmi ses illustres visiteurs, une certaine Victoria, reine d''Angleterre.                  \n                  \n                ','\n',char(10)),'1877');
INSERT INTO plus VALUES(1637,'Le lac d’Aiguebelette',NULL,replace('\n                  \nLe lac d’AiguebeletteSitué à 360 m d''altitude, le lac d''Aiguebelette est, comme l''écrivait Henry Bordeaux une "perle d''émeraude enchâssée dans un écrin de montagnes". Site Natura 2000, le lac possède un écosystème remarquable et des zones naturelles protégées. C’est un lieu idéal pour la baignade et la pratique des sports et loisirs de pleine nature.Pour accéder au belvédère, prendre la direction col de l''Epine et suivre le panneau décollage parapente.                  \n                  \n                ','\n',char(10)),'1878');
INSERT INTO plus VALUES(1638,'Téléphérique de l''Aiguille du Midi : la montagne à vos pieds',NULL,replace('\n                  \nTéléphérique de l''Aiguille du Midi : la montagne à vos piedsLe téléphérique le plus haut d''Europe démarre au coeur de Chamonix, à un peu plus de 1 000 mètres d''altitude, puis gravit 2 747 mètres de dénivelé en à peine vingt minutes. Tout en haut, le paradis blanc. Aiguille Verte, mont Rose, Grandes Jorasses, Cervin, mont Blanc...Plusieurs terrasses aménagées offrent une vue à 360 degrés sur les sommets mythiques des Alpes. Le téléphérique de l''Aiguille du Midi est l''un des sites touristiques les plus fréquentés du pays.                  \n                  \n                ','\n',char(10)),'1879');
INSERT INTO plus VALUES(1639,'Téléphérique du Salève : la magie des hauteurs',NULL,replace('\n                  \nTéléphérique du Salève : la magie des hauteursCinq minutes d''ascension pour un moment de pur bonheur...Créé en 1932, le téléphérique du Salève a hissé plusieurs générations de visiteurs sur les hauteurs de Veyrier. Au sommet, la vue sur Genève, le lac Léman et la chaîne du Mont-Blanc est imprenable.La découverte de la gare, joyau architectural des années trente, impressionne. Plusieurs itinéraires de randonnées sont accessibles à tous.                  \n                  \n                ','\n',char(10)),'1880');
INSERT INTO plus VALUES(1640,'La mer de glace',NULL,replace('\n                  \nLa mer de glaceDepuis Chamonix, le célèbre train rouge à crémaillère du Montenvers permet de rejoindre la mer de glace. A l''arrivée, à 1913 m d''altitude, le spectacle est impressionnant. Avec ses 7 km de long pour 200 m d’épaisseur et une largeur qui varie entre 700 et 1950 m, la mer de glace est le plus grand glacier français. Sur place, la visite de la grotte de glace est un incontournable.                  \n                  \n                ','\n',char(10)),'1881');
INSERT INTO plus VALUES(1641,'Le barrage de Roselend',NULL,replace('\n                  \nLe barrage de RoselendLe barrage de Roselend est l''un des quatre barrages du Beaufortain. C''est également le plus grand. Accessible depuis Arêches-Beaufort ou depuis Bourg-Saint-Maurice en passant par la vallée des Chapieux, cet ouvrage d''art de 800 m de long et 150 m de haut forme un lac de retenue prisé des pêcheurs et des randonneurs.L''un des plus beaux points de vue se situe au Cormet de Roselend.                  \n                  \n                ','\n',char(10)),'1882');
INSERT INTO plus VALUES(1642,'Le lac des Chéserys',NULL,replace('\n                  \nLe lac des ChéserysSept lacs constituent les lacs de Chéserys : deux sont de taille moyenne, les cinq autres sont de taille plus réduite. Situés dans la réserve des Aiguilles Rouges, à proximité de Chamonix, ils offrent un panorama somptueux sur la chaîne du Mont-Blanc.Leur accès est facilité grâce au téléphérique de la Flégère.                  \n                  \n                ','\n',char(10)),'1883');
INSERT INTO plus VALUES(1643,'Le col de la Forclaz',NULL,replace('\n                  \nLe col de la ForclazLe Col de la Forclaz (Montmin) – 1150 m - surplombe le lac d’Annecy. Depuis le col, on peut admirer un magnifique panorama sur le lac et la montagne du Semnoz en face. Réputé dans le monde entier pour son site de décollage de vol libre, il permet aux amateurs de sensations fortes de survoler un magnifique territoire.Le col de la Forclaz est également une très belle ascension à faire à vélo.                  \n                  \n                ','\n',char(10)),'1884');
INSERT INTO plus VALUES(1644,'Les Aiguilles d''Arves',NULL,replace('\n                  \nLes Aiguilles d''ArvesCes trois sommets très facilement identifiables, dont le plus haut culmine à 3514 m d''altitude, sont emblématiques de la vallée de la Maurienne. Accessibles aux randonneurs, les Aiguilles d''Arves se découvrent également grâce au parcours de la promenade savoyarde de découverte qui serpente dans l''alpage depuis Albiez. On peut également les contempler depuis un lac, comme ici le lac Guichard.                  \n                  \n                ','\n',char(10)),'1885');
DELETE FROM sqlite_sequence;
INSERT INTO sqlite_sequence VALUES('vue',1885);
INSERT INTO sqlite_sequence VALUES('plus',1644);
COMMIT;
